Title,Score,Author,URL,Created,Comments,Hashtag
What massively improved your mental health?,10574,oigoabuya,https://www.reddit.com/r/AskReddit/comments/1740wjy/what_massively_improved_your_mental_health/,1696880387.0,10962,health
What are your best health tips?,102,mrtdhx,https://www.reddit.com/r/AskOldPeople/comments/1b9biln/what_are_your_best_health_tips/,1709861900.0,263,health
Trump Withdraws U.S. from World Health Organization,33883,Astraeus323,https://www.nytimes.com/2025/01/20/us/politics/trump-world-health-organization.html,1737423395.0,3253,health
"People with health anxiety, read this!",1852,Negglur,https://www.reddit.com/r/Anxiety/comments/159noco/people_with_health_anxiety_read_this/,1690324999.0,98,health
Trump withdraws the U.S. from the World Health Organization,1454,Wesdawg1241,https://justthenews.com/politics-policy/energy/trump-withdraws-us-world-health-organization?utm_source=breaking&utm_medium=email&utm_campaign=newsletter,1737433310.0,321,health
"Health professionals of Reddit, what are your best health tips?",62,scottiesng,https://www.reddit.com/r/AskReddit/comments/hui5a/health_professionals_of_reddit_what_are_your_best/,1307526379.0,270,health
The Ultimate Health Anxiety Guide,582,GuardOfTheDawn,https://www.reddit.com/r/HealthAnxiety/comments/yzkd0l/the_ultimate_health_anxiety_guide/,1668887262.0,126,health
"Canada Lawmaker Suggests Letting 3 US States Join, Get Free Health Care",60042,SyntheticSweetener,https://www.newsweek.com/canada-lawmaker-suggests-letting-three-us-states-join-get-free-healthcare-2011658,1736352954.0,7566,health
The suspect of being UnitedHealthCare CEO’s shooter ,75965,canadarich,https://i.redd.it/l9pbg9l4kv5e1.jpeg,1733772614.0,6538,health
UnitedHealth CEO says U.S. health system 'needs to function better',23700,lilmxfi,https://www.nbcnews.com/business/business-news/unitedhealth-ceo-says-us-health-system-needs-function-better-rcna187980,1737070312.0,2337,health
Trump says Canada would have ‘much better’ health coverage as a state,12059,jk_arundel,https://www.ctvnews.ca/world/article/trump-says-canada-would-have-much-better-health-coverage-as-a-state/,1737739361.0,4540,health
Trump signs executive order withdrawing from the World Health Organization,20896,tonyking318,https://www.reuters.com/world/us/trump-signs-executive-withdrawing-world-health-organization-2025-01-21/,1737427696.0,1593,health
Shareholders urge UnitedHealth to analyze impact of healthcare denials | Reuters,28881,AnnabananaIL,https://www.reuters.com/business/healthcare-pharmaceuticals/shareholders-urge-unitedhealth-analyze-impact-healthcare-denials-2025-01-08/,1736425782.0,1108,health
Somewhat of a health nut I suppose…,80772,Parking_War_4100,https://i.redd.it/yz2g6s3xltbe1.jpeg,1736364094.0,867,health
Americans Hate Their Private Health Insurance,32284,orangelover95003,https://jacobin.com/2024/12/unitedhealthcare-murder-private-insurance-democrats?mc_cid=e40fd138f3,1733793712.0,1868,health
Trump administration directs federal health agencies to pause communications,13474,dracopr,https://edition.cnn.com/2025/01/21/health/hhs-cdc-fda-trump-pause-communication/index.html,1737554344.0,1344,health
"United Health CEO Decries ""Aggressive"" Media Coverage in Leaked Recording",25034,indig0sixalpha,https://www.kenklippenstein.com/p/video-united-health-ceo-laments-offensive,1733512563.0,2157,health
what one MAGA backlash did to Elon’s mental health lmao ,24990,tf-is-wrong-with-you,https://i.redd.it/pbkwb4mydu9e1.jpeg,1735501825.0,1252,health
"BREAKING: Donald Trump has ordered a communications blackout at America's federal health agencies. The CDC, FDA, HHS and NIH have all been told to pause external communications, including publishing scientific reports, updating websites or issuing health advisories.",14600,NoLube69,https://www.reddit.com/r/FluentInFinance/comments/1i7eiwm/breaking_donald_trump_has_ordered_a/,1737561896.0,1153,health
U.S. Withdraws from the World Health Organization,15827,freshlysaltedwound,https://www.whitehouse.gov/presidential-actions/2025/01/withdrawing-the-united-states-from-the-worldhealth-organization/,1737436635.0,1083,health
Robert Kennedy chosen as head of Health and Human Services. ,20193,CommanderMandalore,https://amp.cnn.com/cnn/2024/11/14/politics/robert-f-kennedy-donald-trump-hhs,1731619624.0,4813,health
What was the worst health advice you received? [OC],29899,kiwiagg,https://www.reddit.com/gallery/1hmyb1a,1735247914.0,972,health
UnitedHealth confirms 190 million Americans affected by Change Healthcare data breach,27876,lurker_bee,https://techcrunch.com/2025/01/24/unitedhealth-confirms-190-million-americans-affected-by-change-healthcare-data-breach/,1737763992.0,664,health
This man documented his health journey from January to December.,50185,mindyour,https://v.redd.it/jtas2virjf7e1,1734450482.0,874,health
China Vows To Support World Health Organization After US Withdrawal,11616,loggiews,https://www.barrons.com/news/china-vows-to-support-world-health-organization-after-us-withdrawal-5e5de9e4,1737525324.0,883,health
This is what true health care is all about,47998,brother_p,https://i.imgflip.com/96gvpp.jpg,1728737873.0,2098,health
(22) to (27) - yoga completely changed my mental and physical health 🤍,19079,Negative_Draft_7823,https://www.reddit.com/gallery/1hw9csi,1736303957.0,738,health
More than 5 million children lose Medicaid health coverage,17129,NormanPlantagenet,https://www.nbcnews.com/nightly-news/video/more-than-5-million-children-lose-medicaid-health-coverage-227048517941,1734171289.0,1096,health
UnitedHealthCare ordered to pay $165 million for misleading Massachusetts consumers,32714,LeucotomyPlease,https://www.reuters.com/legal/government/unitedhealth-units-ordered-collectively-pay-165-million-misleading-massachusetts-2025-01-06/,1736445140.0,587,health
Suddenly all the health experts are quiet,11993,imjustheretodomyjob,https://i.redd.it/yi6t1juufk4e1.jpeg,1733202167.0,1753,health
US Health Insurance(The Truth) Denied for Profit ,21579,MUGA_Cat,https://v.redd.it/tyi8nl2jn09e1,1735141878.0,751,health
Health And Taxes,12132,AlphaMassDeBeta,https://i.redd.it/ypqrthof9ube1.png,1736372012.0,765,health
RFK Jr. is now an extinction-level threat to federal public health programs and science-based health policy,11833,workerbotsuperhero,https://sciencebasedmedicine.org/rfk-jr-is-now-an-extinction-level-threat-to-federal-public-health-programs-and-science-based-health-policy/,1731723392.0,1789,health
Apparently daily showers are 'performative' and have no health benefits....,21130,UnintentionalWipe,https://i.redd.it/v6eejnw636pd1.png,1726490677.0,4160,health
Common Plastic Additives May Have Affected The Health of Millions,12210,the_noise_we_made,https://www.sciencealert.com/common-plastic-additives-may-have-affected-the-health-of-millions,1735693391.0,774,health
"After a shocking shooting, Americans vent feelings about health insurance",10223,Hashirama4AP,https://www.npr.org/sections/shots-health-news/2024/12/06/nx-s1-5217736/brian-thompson-unitedhealthcare-ceo-social-media,1733502106.0,1281,health
What has greatly boosted your mental health?,3784,travelsmoker,https://www.reddit.com/r/AskReddit/comments/1i4b7vp/what_has_greatly_boosted_your_mental_health/,1737217770.0,5763,health
In sickness and in health- seems to only apply to women?,5280,staranise2,https://www.reddit.com/r/AskWomenOver40/comments/1hqjbr4/in_sickness_and_in_health_seems_to_only_apply_to/,1735665519.0,1987,health
"Texas school bans all-black clothing, cites mental health concerns",25859,andyr072,https://ktul.com/news/nation-world/texas-school-bans-all-black-clothing-cites-mental-health-concerns-depression-stress-emotion-dress-code-colors,1723127557.0,4339,health
"In sickness and in health, the dedication of this husband ",81775,VastCoconut2609,https://v.redd.it/fpkmt7onymmd1,1725387430.0,1224,health
UnitedHealth CEO attacked,6826,Lonely-Trash007,https://www.reddit.com/r/nursing/comments/1h6hm17/unitedhealth_ceo_attacked/,1733323320.0,1619,health
Free health care.,4432,SnooWords4066,https://i.redd.it/lk1govu3yefe1.jpeg,1737929980.0,1260,health
Historical profits for UnitedHealth Inc,17252,AyebruhamLincoln,https://i.redd.it/dl9zmki0bv4e1.png,1733333712.0,560,health
This is why Universal Health Care is so important,11699,The-Lucky-Investor,https://i.redd.it/qfykcdxg9wrd1.png,1727679343.0,1663,health
"American adults aged 33 to 46 have significantly worse health compared to their British peers, especially in markers of cardiovascular health and higher levels of obesity, along with greater disparities in health by socioeconomic factors",14355,giuliomagnifico,https://www.ox.ac.uk/news/2024-10-03-us-adults-worse-health-british-counterparts-midlife,1727968267.0,1126,health
Me after Thor loses 100 health when the season ends,7651,Kilzi,https://i.redd.it/asloxq9flb8e1.jpeg,1734838456.0,698,health
What's good for our mental health?,61027,John_1992_funny,https://i.redd.it/2cvc08fevwud1.jpeg,1728994817.0,531,health
What health tip forever changed your life?,4257,Bald-Lawyer,https://www.reddit.com/r/AskReddit/comments/1hmjj54/what_health_tip_forever_changed_your_life/,1735198504.0,1407,health
Through sickness and in health,58306,Bihema,https://v.redd.it/3xt4q4i82icd1,1720969624.0,1226,health
"How to poop, from a pelvic health physical therapist assistant",40403,copitamenstrual,https://v.redd.it/bmzyk7wws5gd1,1722564589.0,1068,health
Social media flocks to mock UnitedHealthcare CEO’s murder,1266,plitspidter,https://www.foxnews.com/media/culture-life-unitedhealthcare-ceos-murder-mocked-celebrated-far-left?intcmp=tw_fnc,1733483005.0,959,healthcare
"Why don't people admit that healthcare is where the jobs are?
",1220,Low-Competition9029,https://www.reddit.com/r/careerguidance/comments/1gfvemk/why_dont_people_admit_that_healthcare_is_where/,1730317502.0,1366,healthcare
The American Healthcare System ,78508,reddot_comic,https://www.reddit.com/gallery/1h71az5,1733374449.0,1838,healthcare
Accurate healthcare chart,995,biscuitraider,https://i.redd.it/4nvs8vwjt19e1.jpeg,1735155969.0,281,healthcare
Mr beast complains about us healthcare,76240,mangothefoxxo,https://i.redd.it/wr29c3o9qece1.jpeg,1736619798.0,3980,healthcare
What healthcare careers are actually enjoyable? ,196,infamous_magpie,https://www.reddit.com/r/careerguidance/comments/1eln4w3/what_healthcare_careers_are_actually_enjoyable/,1722963808.0,282,healthcare
Is our healthcare system really that bad?,524,Visual-Educator8354,https://i.redd.it/pj7c62uety1d1.jpeg,1716378139.0,327,healthcare
Accused healthcare CEO shooter Luigi Mangione arrives in New York following extradition,134818,nbcnews,https://i.redd.it/2wfbv7eimu7e1.jpeg,1734633045.0,10718,healthcare
United Healthcare denies claim of woman in coma,67027,GoodSamaritan_,https://www.newsweek.com/united-healtchare-claim-deny-brian-thompson-luigi-mangione-insurance-2008307,1735819915.0,2947,healthcare
Wanted posters of healthcare CEOs are starting to pop up in NYC,209388,I_ONLY_BOLD_COMMENTS,https://www.reddit.com/gallery/1hbtcy9,1733923406.0,5832,healthcare
A United Healthcare CEO shooter lookalike competition takes place at Washington Square Park,172284,ExactlySorta,https://v.redd.it/46044h6ych5e1,1733600703.0,6790,healthcare
The healthcare system in this country is an illusion,75291,emily-is-happy,https://i.redd.it/bfx629wywt9e1.jpeg,1735496112.0,2414,healthcare
Moderators Delete Reddit Thread as Doctors Torch Dead UnitedHealthcare CEO,70456,OkayButFoRealz,https://www.thedailybeast.com/leading-medical-subreddit-deletes-thread-on-unitedhealthcare-ceos-murder-after-users-slam-his-record/,1733423986.0,10016,healthcare
Luigi Mangione indicted on murder charges for shooting of UnitedHealthcare CEO Brian Thompson,38518,superfluousapostroph,https://www.cnbc.com/2024/12/17/luigi-mangione-brian-thompson-murder-new-york-extradition.html?__source=iosappshare%7Ccom.google.GoogleMobile.SearchOnGoogleShareExtension,1734466971.0,5648,healthcare
"UnitedHealthcare CEO fatally shot, NY Post reports -",44314,Hello-Avrammm,https://www.reuters.com/world/us/unitedhealthcare-ceo-fatally-shot-ny-post-reports-2024-12-04/,1733321773.0,13079,healthcare
"The UnitedHealthcare CEO shooter's meticulous planning has helped him evade police so far, experts say",46339,PlayShelf,https://www.nbcnews.com/news/us-news/unitedhealthcare-ceo-shooters-meticulous-planning-helped-evade-police-rcna183184,1733539875.0,7619,healthcare
Luigi Mangione Pleads Not Guilty to Murdering Healthcare CEO,82310,ConfessionsPartII,https://www.bbc.com/news/articles/cwypvd9kdewo,1734966135.0,2231,healthcare
"UnitedHealthcare CEO shooting latest: Man being held for questioning in Pennsylvania, sources say",30647,boskee,https://abcnews.go.com/US/unitedhealthcare-ceo-shooting-latest-net-closing-suspect-new/story?utm_source=facebook&utm_medium=social&utm_campaign=dhfacebook&utm_content=null&id=116591169,1733761417.0,10814,healthcare
Florida Accidentally Paid Healthcare Company $5 Million Instead of $50K; CEO Used Extra Funds to Run for Congress,59092,ControlCAD,https://www.latintimes.com/florida-accidentally-paid-healthcare-company-5-million-instead-50k-ceo-used-extra-funds-run-571623,1736470642.0,1412,healthcare
Major Health Insurance Companies Take Down Leadership Pages Following Murder of United Healthcare CEO,56672,Trollnutzer,https://www.404media.co/multiple-major-health-insurance-companies-take-down-leadership-pages-following-murder-of-united-healthcare-ceo/,1733483442.0,4319,healthcare
"Words found on shell casings where UnitedHealthcare CEO shot dead, senior law enforcement official says",39294,mriamyam,https://www.cnbc.com/2024/12/05/words-found-on-shell-casings-where-unitedhealthcare-ceo-shot-dead-senior-law-enforcement-official-says.html,1733405407.0,6952,healthcare
USA vs other developed countries: healthcare expenditure vs. life expectancy,61016,guerilla_post,https://en.m.wikipedia.org/wiki/File:Life_expectancy_vs_healthcare_spending.jpg,1733445446.0,4060,healthcare
Universal healthcare now ,57131,Detroitish24,https://i.redd.it/m7n49g1wq05e1.jpeg,1733399575.0,4118,healthcare
A United Healthcare CEO shooter lookalike competition takes place at Washington Square Park,109269,ExactlySorta,https://v.redd.it/bzw7etq1eh5e1,1733601073.0,2736,healthcare
New York police warn US healthcare executives about online ‘hitlist’,43638,HighburyAndIslington,https://www.theguardian.com/us-news/2024/dec/11/new-york-police-us-healthcare-hit-list,1733931958.0,3552,healthcare
'United Healthcare' Using DMCA Against Luigi Mangione Images Which Is Bizarre & Wildly Inappropriate ,59318,HellYeahDamnWrite,https://abovethelaw.com/2024/12/united-healthcare-using-dmca-against-luigi-mangione-images-which-is-bizarre-wildly-inappropriate/,1734908202.0,1835,healthcare
"UnitedHealthcare CEO shooting latest: Police appear to be closing in on shooter's identity, sources say",22773,JamesCt1,https://abcnews.go.com/US/police-piece-unitedhealthcare-ceo-shooting-suspects-escape-route/story?id=116475329,1733411977.0,8233,healthcare
The UnitedHealthcare Gunman Understands the Surveillance State,25874,indig0sixalpha,https://www.theatlantic.com/ideas/archive/2024/12/unitedhealthcare-ceo-assassination-investigation/680903/,1733521056.0,5213,healthcare
The amount of paper United Healthcare FedEx overnighted me - a denied appeal over sterilization,68154,quite-indubitably,https://i.redd.it/5h1h3vqpn67e1.jpeg,1734342844.0,1758,healthcare
"Would Canadians trade their healthcare system with whatever pros and cons it has, for America’s healthcare system?",9544,valliewayne,https://i.redd.it/1hdv100aj6fe1.jpeg,1737828137.0,3615,healthcare
They stole billions profiting of denying their people's healthcare,64421,blllrrrrr,https://i.redd.it/v2tklvwxfa6e1.png,1733952809.0,1889,healthcare
"“Deny, Depose, Defend” was spray painted on the UnitedHealthcare office building in Las Vegas",141290,cmaia1503,https://i.redd.it/qxa7ssd5rt6e1.jpeg,1734186610.0,1505,healthcare
Yeah that United Healthcare assassin is never going to be heard from again lol ,49419,Angelhappy43,https://i.redd.it/ep90okwuly4e1.jpeg,1733373668.0,2295,healthcare
Why top internet sleuths say they won't help find the UnitedHealthcare CEO killer,31097,rustyseapants,https://www.nbcnews.com/tech/internet/internet-sleuths-say-wont-help-find-unitedhealthcare-ceo-suspect-rcna183228,1733532035.0,2862,healthcare
UnitedHealthcare CEO May Have Hired His Own Killer—Former Police Commander,26074,ClubZealousideal9784,https://www.newsweek.com/unitedhealthcare-ceo-may-have-hired-his-own-killerformer-police-commander-1996930,1733556584.0,2891,healthcare
United healthcare denial reasons ,32615,Dark-Knight-Rises,https://i.redd.it/j5y1tvtva17e1.jpeg,1734277995.0,1763,healthcare
"UnitedHealthcare CEO killing latest: Luigi Mangione expected to waive extradition, sources say",26766,RebelliousDragon21,https://abcnews.go.com/US/unitedhealthcare-ceo-killing-latest-luigi-mangione-expected-waive/story?id=116822291,1734359721.0,1944,healthcare
Shareholders urge UnitedHealth to analyze impact of healthcare denials | Reuters,28881,AnnabananaIL,https://www.reuters.com/business/healthcare-pharmaceuticals/shareholders-urge-unitedhealth-analyze-impact-healthcare-denials-2025-01-08/,1736425782.0,1108,healthcare
"Luigi Mangione, the suspect in UnitedHealthcare CEO shooting, charged with murder",21518,Ca2Alaska,https://www.cnn.com/us/live-news/brian-thompson-unitedhealthcare-death-investigation-12-9-24/index.html,1733802729.0,2808,healthcare
"""Don't politicize the shooting of a healthcare CEO...""",51076,devperez,https://v.redd.it/6rtfm6yn525e1,1733416667.0,1680,healthcare
A United Healthcare CEO shooter lookalike competition takes place at Washington Square Park,84106,ContributionAny3368,https://i.redd.it/6okl6nipeh5e1.jpeg,1733601295.0,1373,healthcare
AOC on UnitedHealthcare CEO killing: People see denied claims as ‘act of violence’,34482,Murky-Site7468,https://www.nj.com/politics/2024/12/aoc-on-ceo-killing-people-see-denied-claims-as-act-of-violence.html,1734184688.0,1462,healthcare
NYPD releases 2 new photos of man sought in killing of UnitedHealthcare CEO,13535,Emblazin,https://www.nbcnews.com/news/us-news/nypd-releases-new-photos-man-sought-killing-unitedhealthcare-ceo-rcna183343,1733641419.0,5201,healthcare
UnitedHealthcare CEO murder suspect Luigi Mangione’s looks captivate TikTok users after perp walk,27313,Real-Work-1953,https://www.foxnews.com/us/tiktok-swoons-unitedhealthcare-ceo-murder-suspect-luigi-mangione-perp-walk-new-york,1734929132.0,1319,healthcare
"United Healthcare CEO killed in targeted shooting, r/nursing reacts",16079,loimprevisto,https://www.reddit.com/r/SubredditDrama/comments/1h6lian/united_healthcare_ceo_killed_in_targeted_shooting/,1733332775.0,3812,healthcare
Universal healthcare is more efficient & cheaper!,12197,Miserable-Lizard,https://i.redd.it/in28h6kec9fe1.jpeg,1737862145.0,1233,healthcare
Attorney for man accused of killing UnitedHealthcare CEO speaks,16129,Bezbozny,https://www.youtube.com/watch?v=50XOwyUCg7g,1733905497.0,2780,healthcare
"CEO, United Healthcare",30002,UnemployedFatass,https://i.imgur.com/meJgy42.png,1733334958.0,1786,healthcare
Lawyer of suspect in healthcare exec killing explains client’s outburst at jail,17859,FLTA,https://www.theguardian.com/us-news/2024/dec/12/unitedhealthcare-suspect-lawyer-explains-outburst,1734021658.0,2163,healthcare
Is this the 'unnecessary care' that UnitedHealthcare CEO Andrew Witty keeps talking about? 🤔,39094,GrandpaChainz,https://i.redd.it/wvusi8zp188e1.png,1734795635.0,1044,healthcare
Its a fitness class,1558,dapink29,https://v.redd.it/i9dnhhcr966d1,1718211793.0,84,fitness
1956. Fitness in the 1950s was wild.,14204,Honest-Internal-187,https://v.redd.it/7mnpysqw2mhc1,1707506985.0,1176,fitness
What fitness hack have you personally discovered that is an absolute game changer?,4642,neurobonkers,https://www.reddit.com/r/AskReddit/comments/1bbr96n/what_fitness_hack_have_you_personally_discovered/,1710120943.0,1890,fitness
Incredible underwater fitness,26750,Gainsborough-Smythe,https://v.redd.it/9f2db518rvzc1,1715469401.0,569,fitness
Why does Planet Fitness allow this?!,417,notregular,https://v.redd.it/nj277g5lf3sc1,1712075585.0,349,fitness
Fitness progress,10987,DurozeauWui,https://v.redd.it/k4x5vm1qgn6e1,1734110499.0,479,fitness
Fitness “influencer” exposed for faking her videos,17898,gravityVT,https://v.redd.it/zqc59cx1easb1,1696469251.0,769,fitness
Trump is 78 and barely coherent. Where's everyone who questioned Biden's age and fitness?,27837,P_a_s_g_i_t_24,https://eu.usatoday.com/story/opinion/columnist/2024/09/09/trump-old-incoherent-biden-age-mental-fitness/75138026007/?09102024,1728406811.0,1910,fitness
Trump is 78 and barely coherent. Where's everyone who questioned Biden's age and fitness?,51147,plz-let-me-in,https://www.usatoday.com/story/opinion/columnist/2024/09/09/trump-old-incoherent-biden-age-mental-fitness/75138026007/,1725902861.0,2476,fitness
Severe Incoherence in Trump’s Latest Speech Triggers Doubts About His Mental Fitness,21930,Turd_Burglerson,https://dailyboulder.com/severe-incoherence-in-trumps-latest-speech-triggers-doubts-about-his-mental-fitness/,1725560189.0,1202,fitness
Time to take Planet Fitness down for good,53676,mymatt1,https://i.redd.it/pyzd487ks6vd1.jpeg,1729114297.0,582,fitness
(37)-(39) After 1.5yrs of sobriety and fitness.,8544,yougotyolks,https://www.reddit.com/gallery/1ha2ped,1733722183.0,646,fitness
Trump is 78 and barely coherent. Where's everyone who questioned Biden's age and fitness?,30674,Repulsive-Finger-954,https://www.usatoday.com/story/opinion/columnist/2024/09/09/trump-old-incoherent-biden-age-mental-fitness/75138026007/,1725904131.0,711,fitness
'Could Republicans dump Trump?' Conservative says it's time to ask about mental fitness,15986,Quirkie,https://www.rawstory.com/trump-mental-decline-2668977519/,1723829078.0,1216,fitness
The FTC has finalized the “Click-to-Cancel” rule; Goodbye Planet Fitness. ,32611,TheLiminalSpace,https://www.ftc.gov/news-events/news/press-releases/2024/10/federal-trade-commission-announces-final-click-cancel-rule-making-it-easier-consumers-end-recurring,1729273692.0,435,fitness
I’m clinically obese and starting my fitness journey. This was from me attempting to speed walk ,6796,slayingcatdog,https://i.redd.it/mmbmk85f41ce1.jpeg,1736455067.0,432,fitness
Another fitness enthusiast,7946,No_Tackle_5439,https://v.redd.it/41e8e0v90mee1,1737884582.0,316,fitness
You earn $1 for every calorie you burn on fitness machines.,7315,v4v4v4v4,https://www.reddit.com/r/hypotheticalsituation/comments/1e8jepi/you_earn_1_for_every_calorie_you_burn_on_fitness/,1721558195.0,2352,fitness
Anytime Fitness in Church,8857,Tijmen17,https://www.reddit.com/gallery/1fy65vy,1728303356.0,486,fitness
LA Fitness bar code,7657,Western-Propaganda,https://v.redd.it/yfzhelol2t3e1,1732870812.0,311,fitness
Trump is 78 and barely coherent. Where's everyone who questioned Biden's age and fitness?,16478,Zandra_the_Great,https://www.usatoday.com/story/opinion/columnist/2024/09/09/trump-old-incoherent-biden-age-mental-fitness/75138026007/,1725978589.0,329,fitness
Blursed fit ,11091,Jackabing,https://i.redd.it/by9smpt8vqbe1.jpeg,1736330907.0,186,fitness
Planet Fitness Shower Incident,2213,Dear-Classroom-3182,https://www.reddit.com/r/AITH/comments/1gp52t7/planet_fitness_shower_incident/,1731363841.0,1269,fitness
Fitness guru Richard Simmons dead at 76,8132,GarthRanzz,https://abcnews.go.com/US/fitness-guru-richard-simmons-dead-76/story?id=111912398,1720904160.0,498,fitness
What’s the most common inaccurate health or fitness view most people hold?,5062,MaxEhrlich,https://www.reddit.com/r/AskReddit/comments/1bjrft8/whats_the_most_common_inaccurate_health_or/,1710976154.0,3826,fitness
"Federal Judge, 96, Is Suspended Amid Concerns About Her Mental Fitness",16822,TaxOwlbear,https://www.nytimes.com/2023/09/20/us/judge-pauline-newman-suspended.html,1695290024.0,1466,fitness
20 months into fitness. Best decision of my life,3468,donpabloemiliooo,https://i.redd.it/1jcliipdgs9e1.jpeg,1735478426.0,259,fitness
Critics Question 'Mental Fitness' After Trump Makes Key Mistake Twice At Pennsylvania Rally,5300,plz-let-me-in,https://www.huffpost.com/entry/trump-rally-mistake_n_66ab24d4e4b050952a6f7354,1722533741.0,429,fitness
Severe Incoherence in Trump's Latest Speech Triggers Doubts About His Mental Fitness,3964,inewser,https://dailyboulder.com/severe-incoherence-in-trumps-latest-speech-triggers-doubts-about-his-mental-fitness/,1725375594.0,449,fitness
YouTube will begin limiting access to fitness videos for European teens. Here's why,3314,mahaanus,"https://www.euronews.com/health/2024/09/07/youtube-will-begin-limiting-access-to-fitness-videos-for-european-teens-heres-why#:~:text=YouTube%20said%20it%20will%20now,they%20show%20intimidation%20or%20fighting.",1725882775.0,528,fitness
"Fitness progress, this dude is awesome!",5315,Scorpiogre_rawrr,https://v.redd.it/k4x5vm1qgn6e1,1734119155.0,198,fitness
Wednesday fitting,13411,cobrakai--neverdies,https://v.redd.it/rwimg1356kde1,1737121542.0,103,fitness
New fitness program,124024,jocewin,https://v.redd.it/1s0dnqy4haca1,1673806191.0,1249,fitness
Fitness level: infinity,10764,crazyscolding99,https://v.redd.it/moo5s1dy5ezb1,1699565960.0,703,fitness
Europoor doesn’t understand American Fitness culture,6046,Braydenrocks,https://www.reddit.com/gallery/1d3u5o8,1717038206.0,392,fitness
Roles where the actor's absurd physical fitness is a positive?,2601,JeffRyan1,https://www.reddit.com/r/movies/comments/1dybwai/roles_where_the_actors_absurd_physical_fitness_is/,1720452892.0,881,fitness
"Trump again refuses to release current health records, as Harris questions his fitness",5887,PositiveFun8654,https://www.cnbc.com/amp/2024/10/18/trump-health-records-harris-exhausted.html,1729342534.0,197,fitness
Fitness update,87784,lilmcfuggin,https://v.redd.it/p5d5df5vgf291,1653835645.0,4361,fitness
My husband brought homemade food to his beautiful young fitness instructor ,2795,Typical-Stand7087,https://www.reddit.com/r/AmIOverreacting/comments/1c7cav8/my_husband_brought_homemade_food_to_his_beautiful/,1713468867.0,1180,fitness
Trump is 78 and barely coherent. Where's everyone who questioned Biden's age and fitness?,6701,P_a_s_g_i_t_24,https://eu.usatoday.com/story/opinion/columnist/2024/09/09/trump-old-incoherent-biden-age-mental-fitness/75138026007/,1725933724.0,191,fitness
Fitness level: infinity,107647,3askaryyy,https://v.redd.it/1qvbgl18sge81,1643391190.0,3989,fitness
Fitness Influencer ‘Liver King’ Admits to Steroid Use: ‘I Lied’,12255,CoralBalloon,https://www.youtube.com/watch?v=q_Vd7i4ZpgA&feature=emb_logo,1670036457.0,2285,fitness
"A ""24h"" Fitness closed without checking and locked a man inside",79706,pietradolce,https://i.redd.it/th4ixkm8umz81.jpg,1652617316.0,1763,fitness
Diets/Fitness in 2023-2024 Starter Pack ,2925,Taxomifen19,https://i.redd.it/k0erg97zn7id1.png,1723458838.0,388,fitness
"Zac Efron Says ‘Baywatch’ Fitness Routine Forced Him Into Depression, Insomnia",13536,Sanlear,https://www.indiewire.com/2022/09/zac-efron-baywatch-workout-diet-depression-1234759575/,1662636418.0,1522,fitness
Chinese elders in fitness parks,73900,SAM041287,https://v.redd.it/8bw8j2pjulu71,1634736886.0,1892,fitness
"JFK expresses his concerns about the physical fitness of the America youth, 1962.",3211,zadraaa,https://v.redd.it/07mjffzejl9d1,1719704168.0,341,fitness
David Beckham Sues Mark Wahlberg's F45 Fitness Company For 10 Million,4902,Free_Hat_McCullough,https://www.tmz.com/2024/04/21/david-beckham-sues-mark-wahlberg-f45-fitness-deal/,1713707235.0,310,fitness
The President's Fitness Test,6029,Veeboy,https://i.redd.it/e96tz0tgbyvb1.png,1698066503.0,515,fitness
The Media Is Finally Waking Up to the Story of Trump’s Mental Fitness,4478,JediEon,https://newrepublic.com/article/186836/trump-mental-fitness-cognitive-decline-new-york-times,1728300056.0,165,fitness
5 days out from my third competition of my debut season. Wellness amateur.,1836,fran_kawa,https://v.redd.it/obe9xu511s1c1,1700605462.0,140,wellness
Wellness Sessions ,60,RGWsince16,https://www.reddit.com/r/SeveranceAppleTVPlus/comments/1bgb7dz/wellness_sessions/,1710609816.0,50,wellness
What’s your “wellness” routine?,262,StrawberryMarigoldss,https://www.reddit.com/r/beauty/comments/1hnj4xd/whats_your_wellness_routine/,1735318302.0,61,wellness
What trendy beauty/wellness things actually make a difference?,232,ikeamonkey2,https://www.reddit.com/r/beauty/comments/18tv0x1/what_trendy_beautywellness_things_actually_make_a/,1703877683.0,145,wellness
Has anyone seen these “wellness girlie” posts recently?,281,No-Ranger7106,https://i.redd.it/941xnez4tdmc1.jpeg,1709586078.0,138,wellness
"A Wellness Check is for the chip, not the worker!",174,scarecrowemoji,https://www.reddit.com/r/SeveranceAppleTVPlus/comments/uv69kf/a_wellness_check_is_for_the_chip_not_the_worker/,1653206051.0,47,wellness
Irving's life is described as interesting in the Wellness Session.,41,kirksucks,https://www.reddit.com/r/SeveranceAppleTVPlus/comments/uwhhjg/irvings_life_is_described_as_interesting_in_the/,1653362291.0,28,wellness
Wellness session theory,36,Lady_Laina,https://www.reddit.com/r/SeveranceAppleTVPlus/comments/ufp1or/wellness_session_theory/,1651368640.0,8,wellness
And this is the problem with wellness,80,Dapper_Anybody_9802,https://i.redd.it/tf9yligq0jlb1.png,1693522792.0,60,wellness
The reason why Irving went to Wellness in E2 and other related theories (Spoilers All),103,dogstardied,https://www.reddit.com/r/SeveranceAppleTVPlus/comments/ule2cw/the_reason_why_irving_went_to_wellness_in_e2_and/,1652052658.0,17,wellness
Well Well Well,19884,tayhorix,https://i.redd.it/mycm5yci6dce1.jpeg,1736601047.0,1684,wellness
"Well, Well, Well: Trump Can’t Lower Egg Prices After All | 
Egg prices have hit an all-time high on the third day of Donald Trump’s presidency.",19497,Murky-Site7468,https://newrepublic.com/post/190592/donald-trump-egg-prices-bird-flu,1737655147.0,1215,wellness
Well well well. What DO we have here?,23785,mrl33602,https://i.redd.it/1wq5t25eehae1.jpeg,1735780428.0,839,wellness
"Well, well, well if it isn't the consequences of my actions",33042,imjustheretodomyjob,https://i.redd.it/45jjeiyuwkae1.jpeg,1735822992.0,474,wellness
Well well,38046,NoThroat4049,https://i.redd.it/4x6xx7k0hi0e1.jpeg,1731434939.0,712,wellness
Well well,7766,More_Ad_8237,https://i.redd.it/4ddtkfu4t7ce1.jpeg,1736536016.0,655,wellness
Well...,21026,ThePlotva,https://i.redd.it/o5i2rlwln5ce1.jpeg,1736510231.0,366,wellness
Well said!,34090,monaleeparis,https://i.redd.it/l2g4atarspce1.jpeg,1736753811.0,318,wellness
Well well,6044,MactYT,https://i.redd.it/tkj10j6ydisd1.jpeg,1727947123.0,3856,wellness
well well well well,41532,Eastern_Musician4865,https://i.redd.it/05mlvsusalae1.jpeg,1735827655.0,302,wellness
Well well well,13093,Honest_Equivalent_40,https://i.redd.it/95i8phbggt0e1.jpeg,1731567925.0,516,wellness
Wishing Them Well,50753,reddot_comic,https://www.reddit.com/gallery/1i9f4qp,1737779614.0,226,wellness
This aged well.,28105,Elks_Point_9_,https://i.redd.it/7cfcrfaxl6be1.jpeg,1736085634.0,264,wellness
Well well well. If it isn’t the consequences of their actions.,8013,LiveLaughCuhh,https://i.redd.it/xmv6vqsdolzd1.jpeg,1731037888.0,665,wellness
Well Well Well,6716,welding-guy74,https://i.redd.it/cncsevc9bvsd1.jpeg,1728129694.0,793,wellness
Well well well,6077,Avgeekk7,https://i.redd.it/69u0qlxs3b1e1.jpeg,1731781593.0,574,wellness
"Well, well, well Kemp.  I may have misjudged you.",9529,Eddy_Vinegar,https://i.redd.it/r153zdw2k2ld1.jpeg,1724704536.0,734,wellness
"Well, would you?",9784,MelonOfFate,https://i.redd.it/i8nb3a5rjvee1.png,1737695125.0,243,wellness
"Well, shit! ",5336,Wolfie_wolf81,https://i.redd.it/j9gifnxka0de1.jpeg,1736880874.0,285,wellness
Well......,26803,No_Cauliflower9590,https://v.redd.it/9i3q3iaqftae1,1735926161.0,164,wellness
Well well well... how the turn tables,7581,SullyRob,https://www.reddit.com/gallery/1fg4v0v,1726259876.0,469,wellness
Well well well. ,7531,RigatoniPasta,https://i.redd.it/14mwehy3igbe1.gif,1736205422.0,219,wellness
well well,5708,Steakandeggs66,https://i.redd.it/9dv7i9nbe5vd1.png,1729097403.0,419,wellness
Well said...,4603,BarronGreen89,https://i.redd.it/2uhyna68jrce1.jpeg,1736774921.0,262,wellness
"Well, Well, Well, Look How The Tables Turn.",3205,Glass-Fan111,https://i.redd.it/463q44exrpyd1.jpeg,1730651659.0,618,wellness
well well well... ,9483,Personal_Story_4853,https://i.redd.it/uhyp7tujzmhd1.jpeg,1723208490.0,407,wellness
well deserved,1780,ScienceOk8808,https://i.redd.it/rdhko0anf6be1.jpeg,1736083528.0,930,wellness
Well well well,4986,DeadgrounD,https://i.redd.it/4fnteng4nujd1.jpeg,1724172857.0,610,wellness
well well well,9838,tamjidtahim,https://i.redd.it/csv0nddtwj6e1.png,1734067448.0,196,wellness
Well Well Well…,25099,G_Nash2,https://i.redd.it/hh1zv8xufudd1.jpeg,1721555326.0,301,wellness
Well well well..,9253,korsakov92,https://i.redd.it/vwj1jwyt7ekd1.png,1724409923.0,354,wellness
"Well well well, how the turn tables",11660,Ta9eh10,https://i.redd.it/ia30mcyfzh0e1.jpeg,1731429027.0,206,wellness
Well then…,4604,UnflairedRebellion--,https://i.redd.it/tearz0o7gvde1.jpeg,1737258083.0,221,wellness
well this doesn't bode well for me. What does it mean?,14033,CaseyGamer64YT,https://i.redd.it/y2l1b6dzf0kd1.jpeg,1724243141.0,280,wellness
"Well, well, well...If it isn't the consequences of my actions",57617,overpregnant,https://i.redd.it/xpas1v8yqf4b1.jpg,1686073763.0,2310,wellness
Well well well,16342,Green____cat,https://i.redd.it/heza31b5infd1.png,1722343049.0,290,wellness
Well....well..well......,3166,EnigmaGamer4,https://i.redd.it/tzt16a3q41ce1.png,1736455182.0,274,wellness
Well....,4472,kal-els-cape,https://v.redd.it/rffyp95iik9e1,1735382722.0,223,wellness
"Well well well, how the turn tables… 👀",8996,Kikanbase,https://www.reddit.com/gallery/1d3yoqa,1717055689.0,430,wellness
Well Well Well ,3666,Schluesselbunt,https://i.redd.it/ojbbgneeyeae1.png,1735750837.0,246,wellness
First tattoo regret,5395,haverofitall,https://www.reddit.com/gallery/1fvc5jh,1727973867.0,1261,mentalhealth
r/mentalhealth is censoring?,53,whitefox2842,https://www.reddit.com/r/Antipsychiatry/comments/1ehe29m/rmentalhealth_is_censoring/,1722510886.0,33,mentalhealth
[Malzhan] Ken Griffey Jr. tried to commit suicide at 17-years-old by swallowing 277 pills. He felt a lot of pressure to be a great baseball player while battling a rocky relationship with his father. It’s #MentalHealth awareness week & it’s a reminder anyone can be struggling. Check in.,10471,RevRickee,https://twitter.com/kylemalzhan/status/1392104345060130819?s=21,1620772361.0,276,mentalhealth
This madlad can't read tarot,80960,Calcifer1,https://i.redd.it/6ys8j81vzrnd1.jpeg,1725884214.0,721,mentalhealth
"Mauro Ranallo: ""To everyone who is suffering from #MentalHealth issues, I dedicate my #NXTTakeOver call TONIGHT to YOU. We are in this together. Join the @WWENXT crew at 7ET/4PT on @WWENETWORK LET’S DO THIS! #StigmaSmasher #BiPolarRockNRoller 🙏🏻""",4642,ShunningResumed,https://twitter.com/mauroranallo/status/1114152216766623744,1554496054.0,154,mentalhealth
Where should I post this?,31974,Bite_of_87_,https://i.redd.it/qwr9zpy59f8e1.jpeg,1734882761.0,262,mentalhealth
Under #mentalhealth for some reason?,3625,cheese2thecracker,https://i.redd.it/2ddntoctn9c31.jpg,1563980613.0,126,mentalhealth
Thats it! Confirmed!!,2963,Professional-Ring-21,https://i.redd.it/9s4ferxypuce1.jpeg,1736813408.0,504,mentalhealth
Do We Need A Healthier Music Climate? | #MentalHealth,1079,Producer_Hive,https://i.redd.it/jpk1eb8vewr31.jpg,1570793828.0,290,mentalhealth
To feel like this picture. #mentalhealth ,1147,Bonesfromgod,https://i.redd.it/c0sit1zwthjd1.jpeg,1724017753.0,16,mentalhealth
That’s NOT a 100% valid question,2232,gspbanjo,https://i.redd.it/yhldhqoa9fwd1.jpeg,1729652628.0,728,mentalhealth
Two Militaries?,24560,tempoguyx,https://v.redd.it/yhtfi1x4v3ga1,1675487532.0,2225,mentalhealth
Boomer calls fake Antifa hotline and shares some big feelings.,4719,STFUBoomerBlog,https://v.redd.it/14jno6tpcsgc1,1707147276.0,805,mentalhealth
OP’s daughter punched a boy at school,5397,snarfblattinconcert,https://www.reddit.com/r/BestofRedditorUpdates/comments/13i6b1s/ops_daughter_punched_a_boy_at_school/,1684152305.0,704,mentalhealth
Token for Mentalhealth???,18,SignFine,https://www.reddit.com/r/avicii/comments/1i1hqp4/token_for_mentalhealth/,1736892083.0,30,mentalhealth
To be a pro-life Christian,3567,malus545,https://v.redd.it/k73pcktcztsb1,1696706440.0,527,mentalhealth
What type of art is this,1176,BigSudden506,https://i.redd.it/vni9jnzu21ae1.jpeg,1735582841.0,259,mentalhealth
God forbid you want to support properly!,2550,Raevelry,https://i.redd.it/ffptr5le1a9e1.png,1735255485.0,115,mentalhealth
A teen decorated her graduation cap with a giant QR code that directs people to a list of students killed in school shootings.,31791,JAlbert653,https://i.redd.it/9i2o506pp1y21.jpg,1557782660.0,2063,mentalhealth
Nearly one billion people have a mental disorder,7559,globeworldmap,https://i.redd.it/uglysa2v1zs91.png,1665404775.0,475,mentalhealth
College student starts screaming at the sight of an Israeli flag,1516,MovieENT1,https://v.redd.it/46pkx7qxynyc1,1714939282.0,502,mentalhealth
Job Effecting My MentalHealth,77,Ismaithliomcaca,https://www.reddit.com/r/ireland/comments/1btyot8/job_effecting_my_mentalhealth/,1712064349.0,64,mentalhealth
bruh,48414,RecordEnvironmental4,https://i.redd.it/p3t66khi99371.png,1622815300.0,499,mentalhealth
Jingle Jam 2021: Schedule and Links!,5558,LewisXephos,https://www.reddit.com/r/Yogscast/comments/r5tg29/jingle_jam_2021_schedule_and_links/,1638295862.0,1336,mentalhealth
National Suicide Prevention Hotline is Getting Its Own 3-Digit Number in the US (988) - A quick & easy Number to remember for help like 911.,50301,onepersononeidea,https://www.cnn.com/2019/08/17/politics/fcc-suicide-prevention-hotline-number/index.html,1566703936.0,980,mentalhealth
MAYO FOR SAM 😭😭,2984,reall0ve,https://i.redd.it/553vl0a6ydlc1.jpeg,1709151924.0,237,mentalhealth
Saw this in another community and got a good laugh. Do attorneys really think this is a good pitch?,782,fifa71086,https://i.redd.it/yhldhqoa9fwd1.jpeg,1729686190.0,436,mentalhealth
"I’m sharing some mentalhealth-saving advices that saved me, for the ones that still struggle 😊",50,PurpleBananaDoppio,https://www.reddit.com/r/lawofattraction/comments/1i559mp/im_sharing_some_mentalhealthsaving_advices_that/,1737311432.0,9,mentalhealth
Demonic possession,20225,jakeymango,https://i.imgur.com/1McHx9U.jpg,1601943073.0,582,mentalhealth
"is it ok to discuss recreational substance use in the profession (not abuse, just use), without the discussion being couched in the wistful language of #mentalhealth, #bellletstalk, #addiction, #selfcare, #removethestigma",0,John__47,https://www.reddit.com/r/LawCanada/comments/1bd97e8/is_it_ok_to_discuss_recreational_substance_use_in/,1710279015.0,66,mentalhealth
"OP spirals after being cursed by his ex-girlfriend for throwing out her culturally valuable ""ugly smelly pouch""",3566,simplyintentional,https://www.reddit.com/r/BestofRedditorUpdates/comments/vev2y1/op_spirals_after_being_cursed_by_his_exgirlfriend/,1655515099.0,657,mentalhealth
"The lord is close to the brokenhearted and saves those who are crushed in spirit. Psalms 34:18 - 📽️-my last day An anime short written by Barry Cook, the director of Disney‘s Mulan. Created in conjunction with the JESUS Film Project. - - - #mentalhealth #mentalhealthmatters #findyourself #focuson",81,Delicious_Young3233,https://v.redd.it/685ckvhqjo6e1,1734123589.0,7,mentalhealth
when your mom beats yo ass and makes you eat dinner,32621,EnvySugarCover,https://i.redd.it/8wwdd6s3cjo91.gif,1663471100.0,184,mentalhealth
I am a teenager and really lost in my life about everything carrer education friends mentalhealth love anyone wanna tell me anything BORN on 22nd march 2007 10:22pm,4,Character-Tax-4721,https://i.redd.it/7u7cqncp9hzd1.png,1730984614.0,19,mentalhealth
Priorities,12501,paulobyly,https://v.redd.it/58mvav4kctsa1,1681026245.0,152,mentalhealth
"OOP's boyfriend has a stalker BFF, but the rest of his circle of friend has her back",5106,JoBeWriting,https://www.reddit.com/r/BestofRedditorUpdates/comments/udbk2i/oops_boyfriend_has_a_stalker_bff_but_the_rest_of/,1651087404.0,395,mentalhealth
The physical will come but the #mentalhealth you have to WORK for on #mounjaro #ozempic!  #health,5,Cautious-Cap-4485,https://youtube.com/shorts/oXuqNSgO554?si=sbgBhqIgf6FcRvg6,1737615715.0,6,mentalhealth
Battlefield 2042 is on Life support.,3529,MorpH64,https://www.reddit.com/r/battlefield2042/comments/rwaeog/battlefield_2042_is_on_life_support/,1641346097.0,719,mentalhealth
You're badass! [xpost /r/mentalhealth],1189,sadbarrett,https://i.redd.it/dgjs0twol19y.jpg,1484122887.0,44,mentalhealth
Mentalhealth marketplace in Pakistan,3,Living-Carob-5282,https://www.reddit.com/r/karachi/comments/1hvul0j/mentalhealth_marketplace_in_pakistan/,1736265545.0,6,mentalhealth
r/mentalhealth confirms they censor the truth about abusive MH services,43,whitefox2842,https://www.reddit.com/r/Antipsychiatry/comments/1ejk9v8/rmentalhealth_confirms_they_censor_the_truth/,1722737388.0,20,mentalhealth
"OOP Posts a Suicide Note, r/USMC Rallies the Troops",3637,TheComment,https://www.reddit.com/r/BestofRedditorUpdates/comments/11z4u9g/oop_posts_a_suicide_note_rusmc_rallies_the_troops/,1679536365.0,254,mentalhealth
So true!! #selfcare #gming #consequences #saynotogmes #anxiety #depressing #mentalhealth #staysafe #lifechoices #minions,527,Nonkel_Jef,https://i.redd.it/5ierx4bhvap81.png,1648114041.0,37,mentalhealth
"Strange, it’s almost as if people should date/fuck/marry who they want based on attraction and not ideology…",3136,corpuscavernosa,https://i.redd.it/3h4d2z8jarn71.jpg,1631750516.0,768,mentalhealth
Whats does my chart says about mentalhealth? (And Jupiter),1,Gowniak_Glupi,https://i.redd.it/10qna8ofg7ce1.png,1736531743.0,4,mentalhealth
What subreddit do you think Catwoman would browse regularly,1967,thecrew2game,https://www.reddit.com/gallery/15auhn1,1690440944.0,352,mentalhealth
What do you think about medication? I just started taking it. Are there some successful stories without it? 🤔 #mentalhealth #medication #recovery,1,Proper_Cod527,https://www.reddit.com/r/bipolar2/comments/1fq7c1f/what_do_you_think_about_medication_i_just_started/,1727385689.0,18,mentalhealth
I mean..,14144,LeahcimDrac,https://i.redd.it/t2hdvytdznw61.jpg,1619942548.0,261,mentalhealth
Mentalhealth vs my mom ,7,Full-Function-1129,https://www.reddit.com/r/Tunisia/comments/1gprqpb/mentalhealth_vs_my_mom/,1731436348.0,10,mentalhealth
5 Cara Ampuh Anti Burnout di Kantor! #MentalHealth #SelfCare #WorkLifeBalance #stressmanagement,1,juhbuh,https://www.youtube.com/watch?v=LwW_OxwZHRY,1737877624.0,0,mentalhealth
What's ONE nutrition change you made that had a SURPRSINGLY BIG impact on your overall health?,437,HakaLifeAndrew,https://www.reddit.com/r/nutrition/comments/1cab0hj/whats_one_nutrition_change_you_made_that_had_a/,1713793080.0,458,nutrition
to ignore basic bodily nutrition,70124,Weird_Ad_7353,https://i.redd.it/rieqsyorilfb1.jpg,1690937979.0,4629,nutrition
What are some easy nutrition tips everyone should know?,169,danaee64,https://www.reddit.com/r/nutrition/comments/16uim1n/what_are_some_easy_nutrition_tips_everyone_should/,1695913891.0,215,nutrition
What are some nutrition hot takes you absolutely hate seeing?,581,SensitiveRough6210,https://www.reddit.com/r/nutrition/comments/1dqea8t/what_are_some_nutrition_hot_takes_you_absolutely/,1719561251.0,594,nutrition
How do you plan nutrition for your clients?,12,Extreme_Ad_3760,https://www.reddit.com/r/personaltraining/comments/18tpung/how_do_you_plan_nutrition_for_your_clients/,1703864262.0,39,nutrition
My Ultimate ADHD Nutrition Survival Guide,23,harveyrichards,https://www.reddit.com/r/ADHD/comments/11ljoxc/my_ultimate_adhd_nutrition_survival_guide/,1678242899.0,3,nutrition
I need an idiot's guide to nutrition,15,bitpushr,https://www.reddit.com/r/crossfit/comments/trmi24/i_need_an_idiots_guide_to_nutrition/,1648588385.0,25,nutrition
"Boomers bitch about program that pays for poor kids to eat nutritous foods, don't realize that I survived thanks to said program.",14658,bibbitybobbityfuck,https://www.reddit.com/r/BoomersBeingFools/comments/1cmdbcy/boomers_bitch_about_program_that_pays_for_poor/,1715092266.0,898,nutrition
My TPN (nutrition pumped into my heart) has olive oil and egg in it,23310,grudginglyadmitted,https://i.redd.it/fs0mxs1gtaec1.jpeg,1706063076.0,1442,nutrition
to ignore basic bodily nutrition,13703,Sassysen,https://i.redd.it/m1tq15s19dfc1.jpeg,1706528454.0,893,nutrition
These 2 identical cans of corn have very different nutrition facts,9386,BabyGates_,https://i.redd.it/vu0v7klhkngc1.png,1707089152.0,751,nutrition
"[Baltimore Banner] The Ravens eat 30-60 Uncrustables per day, and 7500 per season; a look into Raven nutrition",6950,TedioreTwo,https://www.thebaltimorebanner.com/sports/ravens-nfl/ravens-players-favorite-snacks-sarah-snyder-nutritionist-F5NGYUFQQVBSLPOVZ53IK26TJ4/,1705517690.0,924,nutrition
Fake nutrition influencer acts like he's an expert on foods,11101,ambachk,https://v.redd.it/m7g3m7me8apc1,1710850328.0,421,nutrition
RFK Jr. says he plans to fire every nutritional scientist at the FDA on day one: “All of them are corrupt.”,1440,AvailableChoice3130,https://i.redd.it/6yoyaacexade1.png,1737009622.0,553,nutrition
When people say rice/potato/insert carb have no nutritional value,1984,pineapplesandpuppies,https://www.reddit.com/r/PetPeeves/comments/1i7nd1y/when_people_say_ricepotatoinsert_carb_have_no/,1737583469.0,321,nutrition
My beer has different nutrition facts for Utah,10166,cardadad_pods,https://i.redd.it/9t6ogppoalxb1.jpg,1698780528.0,718,nutrition
Thousands of prenatal supplements fail to provide adequate nutrition for pregnant women and babies. 99 percent of the affordable dietary supplements on the market do not contain appropriate doses of key micronutrients that are urgently needed to make up for the nutritional imbalance.,15978,Wagamaga,https://news.cuanschutz.edu/news-stories/new-study-reveals-thousands-of-prenatal-supplements-fail-to-provide-adequate-nutrition-for-pregnant-women-and-babies?hs_amp=true,1680630047.0,598,nutrition
Most health and nutrition claims on infant formula products seem to be backed by little or no high quality scientific evidence.,15141,MistWeaver80,https://www.bmj.com/company/newsroom/most-health-claims-on-infant-formula-products-seem-to-have-little-or-no-supporting-evidence/,1676818335.0,659,nutrition
The nutrition facts on this bag of star anise,5794,BubblyAnalysis5197,https://www.reddit.com/gallery/17vmy7j,1700027467.0,493,nutrition
Man unclogs culvert with beaver resistant rack. The clog contains beneficial natural debris that will sink and put nutrition into the swamp downstream,24764,SinjiOnO,https://v.redd.it/juuy95qu5dya1,1683445369.0,401,nutrition
"Paleo and keto diets bad for health and the planet, says study. The keto and paleo diets scored among the lowest on overall nutrition quality and were among the highest on carbon emissions. The pescatarian diet scored highest on nutritional quality of the diets analyzed.",6169,MistWeaver80,https://newatlas.com/environment/paleo-keto-diets-vegan-global-warming/,1677772323.0,1111,nutrition
"A Scary Amount of Nutrition Science Has Deep Ties to The Food Industry, Study Reveals",63975,the_hunger_gainz,https://www.sciencealert.com/nutrition-studies-tied-to-food-industry-are-6-times-more-likely-to-report-favourable-results,1609088710.0,3286,nutrition
Exposing a “nutrition” influencer who just makes up rules as he goes,12018,NeverEnoughSPF,https://v.redd.it/zym78k38tbbb1,1689077036.0,387,nutrition
A nutrition label that you can't read until you buy and open the product.,28735,Star_killer5967,https://i.redd.it/95h8d8eyelr91.jpg,1664803826.0,521,nutrition
YSK that U.S. nutrition labels can round small amounts of calories down to zero ,2979,thebodybuildingvegan,https://www.reddit.com/r/YouShouldKnow/comments/1g3bim8/ysk_that_us_nutrition_labels_can_round_small/,1728896707.0,175,nutrition
Were they just hoping no one would check the nutrition label???,16206,Jelly_Mac,https://www.reddit.com/gallery/ytoxw5,1668304973.0,469,nutrition
Trump Rolls Back Michelle Obama’s School Lunch Nutrition Rules on Her Birthday.,46803,perryyyyyy,https://www.bloomberg.com/news/articles/2020-01-17/trump-rolls-back-michelle-obama-s-school-lunch-nutrition-rules,1579299834.0,3873,nutrition
US nutrition panel’s ties to top food giants revealed in new report,6927,AkitaBijin,https://www.theguardian.com/society/2023/oct/06/us-government-nutrition-panel-report,1696607926.0,315,nutrition
These are balanced (usually) nutritional meals I could probably survive off beans and rice for a fiver,3509,randmpersn,https://i.redd.it/pzospv57gtyc1.png,1715005682.0,256,nutrition
Pseudo-nutrition,10088,kalam4z00,https://i.redd.it/urju3c7s0aqb1.jpg,1695593089.0,227,nutrition
My uni housemate thinks this is an acceptable level of nutrition,7264,darkbear17,https://i.redd.it/t1e9yymc9zq81.jpg,1648845054.0,929,nutrition
"TIL That nutrition professor Mark Haub lost 27 pounds on a Twinkie/Dorito/Sugar diet to prove that weight loss is based on caloric intake, and not on nutrition.",47056,GlaireWolf,http://www.cnn.com/2010/HEALTH/11/08/twinkie.diet.professor/index.html,1547579603.0,2987,nutrition
"If I could satisfy all my nutritional needs by just drinking something, I would ",1259,droopa199,https://www.reddit.com/r/ADHD/comments/1ec6o40/if_i_could_satisfy_all_my_nutritional_needs_by/,1721943196.0,468,nutrition
What's one nutrition hack you use regularly that the majority of people don't but could greatly benefit from?,594,WesternCurrent8576,https://www.reddit.com/r/nutrition/comments/1has2pz/whats_one_nutrition_hack_you_use_regularly_that/,1733799885.0,656,nutrition
"Swapping meat for seafood could improve nutrition and reduce emissions, new study finds",3955,Additional-Two-7312,https://www.nature.com/articles/s43247-022-00516-4,1662743710.0,1037,nutrition
"A bearded vulture consuming a bone, it being the only animal known to get most nutrition from bone marrow.",28267,aquilasr,https://i.redd.it/vm4f7462jc981.jpg,1641160437.0,400,nutrition
ELI5: Why is it so important for humans to have a balanced nutrition but not for animals?,7124,Narrenmischpoke,https://www.reddit.com/r/explainlikeimfive/comments/of4sri/eli5_why_is_it_so_important_for_humans_to_have_a/,1625607702.0,1172,nutrition
Another NG Tube providing direct nutrition the brain,5318,Dr_Boctor,https://i.redd.it/9h7o2r58qm1b1.jpg,1684850722.0,339,nutrition
what’s a food you think is criminally underrated despite its great nutrition content,779,milk_luna,https://www.reddit.com/r/nutrition/comments/1ekmvsu/whats_a_food_you_think_is_criminally_underrated/,1722862011.0,1001,nutrition
Having a toddler and building a food pyramid that is representative of their nutrition.,15011,carlinha1289,https://i.redd.it/93pd39vlxgi41.jpg,1582374341.0,1139,nutrition
We are researchers who work on nutrition and the gut. Our research looks at our amazing gut microbiome and the role of nutrition in health and disease. Ask us anything!,7609,ImperialCollege,https://www.reddit.com/r/IAmA/comments/k5b52k/we_are_researchers_who_work_on_nutrition_and_the/,1606922481.0,1286,nutrition
Listening to all the nutrition experts on JRE,22238,A_Studly_Muffin,https://i.redd.it/ml4m5jfotgo21.jpg,1553606979.0,1013,nutrition
"LPT: ""Nutritionists"",""Nutritional Therapists"", ""holistic nutritionist"", or ""Nutritional Coaches"" don't require any formal certification, education or training to use those titles. ""Dieticians"" do require it. Be careful who you accept diet & nutrition advice from.",29747,DontMicrowaveCats,https://www.reddit.com/r/LifeProTips/comments/97m00g/lpt_nutritionistsnutritional_therapists_holistic/,1534366817.0,1036,nutrition
My receipt came with a nutritional breakdown,35458,aleons00,https://i.redd.it/t5d2cqm7lity.jpg,1493045475.0,1438,nutrition
Nutritional science starter pack,26438,QueenFanFromEstland,https://i.redd.it/jhl7e0iwblc51.png,1595502972.0,527,nutrition
"Fake wellness blogger fined $410,000 over scam involving claims her non-existent brain cancer was cured through alternative therapies and nutrition",38192,kitehkiteh,http://www.abc.net.au/news/2017-09-28/disgraced-wellness-blogger-belle-gibson-fined/8995500,1506560319.0,1150,nutrition
A Greek (Yogurt) Tragedy: Mentions of Greek Yogurt in posts on /r/nutrition [OC],16593,waitingforgoodoh,https://i.redd.it/0nx8f2rlzig31.jpg,1565836932.0,821,nutrition
"LPT: Potatoes are cheaper than Ramen, have more nutritional value, and will keep you full longer",22754,RickHadANubianGoat,https://www.reddit.com/r/LifeProTips/comments/3vkih2/lpt_potatoes_are_cheaper_than_ramen_have_more/,1449342223.0,2577,nutrition
Bone moving nutrition,10606,Gatt__,https://i.redd.it/jhvg9opcy8l91.gif,1662037861.0,270,nutrition
How is Coca Cola allowed to have a secret recipe/ingredient when you have to put the true ingredients and nutrition on label? ,2080,cyamski,https://www.reddit.com/r/NoStupidQuestions/comments/1c4ojgo/how_is_coca_cola_allowed_to_have_a_secret/,1713193627.0,233,nutrition
